Organisation Name,Identifying Details,Total Scope 1 Emissions (t CO2-e),Total Scope 2 Emissions (t CO2-e),Net Energy Consumed (GJ),Important Notes
A B C TISSUE PRODUCTS PTY LTD,33 003 085 112,"25,513","59,864","755,628",-
A.A. SCOTT PROPRIETARY LIMITED,14 007 601 667,"173,907","6,979","2,512,672",-
A.C.N. 085 239 998 PTY LTD,39 085 239 998,"1,593","172,624","780,223",-
A.C.N. 166 119 133 PTY LTD,31 166 119 133,"155,677","209,124","3,457,560",-
A.J. BUSH & SONS PTY LTD,77 000 134 010,"61,620","16,009","825,284",-
AAPC LIMITED,87 009 175 820,"26,869","214,620","1,436,197",-
ABI AUSTRALIA HOLDING PTY LTD,99 615 290 849,"26,210","64,573","787,886",-
ADELAIDE BRIGHTON LTD.,15 007 596 018,"2,156,481","230,539","14,782,120",-
AERIS RESOURCES LIMITED,30 147 131 977,"17,695","66,655","552,379",-
AGL ENERGY LIMITED,74 115 061 375,"42,727,434","520,537","335,963,880",-
AIR LIQUIDE AUSTRALIA LIMITED,57 004 385 782,"8,028","241,200","1,444,800",-
AIRWORK FLIGHT OPERATIONS PTY LTD,13 119 011 871,"68,723",0,"978,966",-
ALCOA AUSTRALIAN HOLDINGS PTY LTD,33 096 987 370,"6,273,349","4,297,647","125,397,606",-
ALDI FOODS PTY LIMITED,18 086 210 139,"41,108","243,478","1,533,251",-
ALIAXIS HOLDINGS AUSTRALIA PTY LIMITED,33 169 799 080,886,"58,253","276,027",-
ALLIANCE AVIATION SERVICES LIMITED,96 153 361 525,"169,586","1,020","2,420,812",-
AMAZON CORPORATE SERVICES PTY LTD,95 082 931 600,321,"90,643","402,248",-
AMCOR PTY LTD,62 000 017 372,"5,587","49,210","282,200",-
AMP LIMITED,49 079 354 519,"6,748","99,199","550,164",-
ANGLO AMERICAN AUSTRALIA LIMITED,47 004 892 371,"6,415,865","706,988","19,124,914",-
ANGLOGOLD ASHANTI AUSTRALIA LIMITED,42 008 737 424,"426,243",276,"7,312,034",-
APT PIPELINES LIMITED,89 009 666 700,"1,228,442","196,047","18,113,382","Please note that where more than one person has operational control over a facility at the same time and no nomination of operational control has been made, data for the facility for the entire period must be reported by the controlling corporation of each entity with operational control. This results in the same facility being reported multiple times.
APT PIPELINES LIMITED and CLARKE ENERGY (AUSTRALIA) PTY. LTD., have each included the same data for the Daandine Power Station in their NGER reports. For further information refer to the 2017-18 greenhouse and energy information for designated generation facilities."
ARNOTTS BISCUITS HOLDINGS PTY LTD,84 080 889 621,"25,572","50,396","722,964",-
ARROW ENERGY HOLDINGS PTY LTD,94 141 385 293,"496,913","31,632","7,653,272",-
ASAHI HOLDINGS (AUSTRALIA) PTY LTD,48 135 315 767,"18,939","65,636","619,036",-
ASALEO CARE LIMITED,61 154 461 300,"25,220","88,352","784,627",-
ASSOCIATED KILN DRIERS PTY. LIMITED,34 004 341 048,"22,779","55,737","2,079,997",-
ATCO AUSTRALIA PTY LTD,74 091 033 546,"379,623","2,043","4,631,034",-
ATCO GAS AUSTRALIA GP PTY LTD,76 151 245 779,"166,574",359,"37,315",-
AURELIA METALS LIMITED,37 108 476 384,"31,841","61,382","808,416",-
AURIZON HOLDINGS LIMITED,14 146 335 622,"482,794","364,813","8,511,155",-
AUSCAN HOLDINGS PTY LIMITED,70 084 400 886,"111,287",68,"1,522,628",-
AUSGRID MANAGEMENT PTY LTD,83 615 449 548,"23,163","823,969","3,766,183",-
AUSNET SERVICES LTD.,45 603 317 559,"207,841","1,395,115","8,066,295",-
AUSTIN HEALTH,96 237 388 063,"16,207","52,660","489,989",-
AUSTRALIA AND NEW ZEALAND BANKING GROUP LIMITED,11 005 357 522,"5,705","109,842","513,174",-
AUSTRALIA PACIFIC AIRPORTS CORPORATION LIMITED,89 069 775 266,"19,865","37,980","514,941",-
AUSTRALIAN GAS NETWORKS LIMITED,19 078 551 685,"581,973",692,"167,908",-
AUSTRALIAN LOGISTICS ACQUISITION HOLDINGS PTY LIMITED,28 611 628 909,"895,146","109,267","13,240,476",-
AUSTRALIAN NATIONAL UNIVERSITY,52 234 063 906,"17,212","83,961","630,807",-
AUSTRALIAN NUCLEAR SCIENCE AND TECHNOLOGY ORGANISATION,47 956 969 590,"2,446","62,260","258,981",-
AUSTRALIAN PACIFIC COAL LIMITED,49 089 206 986,"99,883","4,377","219,017",-
AUSTRALIAN POSTAL CORPORATION,28 864 970 579,"120,637","152,284","2,414,027",-
AUTOMOTIVE HOLDINGS GROUP LIMITED,35 111 470 038,"211,670","78,471","3,438,903",-
BAIADA PTY LTD,47 000 426 808,"58,835","170,880","2,065,794",-
BAPSH PTY LIMITED,54 605 702 618,"84,802","5,571","1,241,938",-
BARALABA COAL COMPANY PTY LTD,42 096 909 634,"79,281","1,588","926,493",-
BATCHFIRE RESOURCES PTY LTD,84 607 340 189,"198,952","47,281","3,073,425",-
BAYBRICK PTY. LTD.,97 067 220 017,"218,666","251,836","3,454,015",-
BEACH ENERGY LIMITED,20 007 617 969,"437,108","20,888","5,191,780",-
BECHTEL (WESTERN AUSTRALIA) PTY LTD,25 147 531 226,"64,378",0,"1,148,831",-
BEGA CHEESE LIMITED,81 008 358 503,"78,641","120,935","2,189,049",-
BGC (AUSTRALIA) PTY LTD,62 005 736 005,"100,021","69,234","2,096,869",-
BHP ENERGY COAL AUSTRALIA PTY LTD,79 057 364 315,"533,449","90,176","7,335,037",-
BHP GROUP LIMITED,49 004 028 077,"3,513,318","1,366,351","59,333,302",-
BIDFOOD AUSTRALIA LIMITED,33 000 228 231,"21,748","40,573","393,831",-
BIG BEN HOLDINGS PTY. LIMITED,63 008 434 562,"123,044","27,899","1,719,899",-
BILLABONG GOLD PTY LTD,34 613 900 922,"70,261",0,"1,244,629",-
BINGO INDUSTRIES LIMITED,72 617 748 231,"80,440","5,586","446,688",-
BLACKHAM RESOURCES LIMITED,18 119 887 606,"51,713",51,"853,956",-
BLACKTOWN WASTE SERVICES PTY LIMITED,21 102 860 944,"56,260",99,"15,337",-
BLONDIE TRADING PTY LTD,41 621 811 845,"114,591","1,465","1,647,088",-
BLUESCOPE STEEL LIMITED,16 000 011 058,"6,316,373","954,210","75,230,359",-
BLUEWATERS POWER 1 PTY LTD,93 106 034 879,"1,507,587","2,543","10,492,774",-
BLUEWATERS POWER 2 PTY LTD,57 122 896 968,"1,442,624","1,317","9,880,392",-
BM ALLIANCE COAL OPERATIONS PTY LIMITED,67 096 412 752,"3,515,195","1,025,973","33,901,136",-
BOC LIMITED,95 000 029 729,"34,356","458,460","3,108,026",-
BORAL LIMITED,13 008 421 761,"1,505,339","348,553","12,217,888",-
BORG MANUFACTURING PTY LIMITED,31 003 246 357,"74,871","139,626","3,019,332",-
BOUNTY MINING LIMITED,19 107 411 067,"143,064","21,474","133,069",-
BP AUSTRALIA INVESTMENTS PTY LTD,66 102 991 551,"715,636","227,780","14,619,975",-
BRICKWORKS LTD,17 000 028 526,"232,116","87,486","4,923,958",-
C S ENERGY LIMITED,54 078 848 745,"15,445,042","234,548","107,693,167","Please note that where more than one person has operational control over a facility at the same time and no nomination of operational control has been made, data for the facility for the entire period must be reported by the controlling corporation of each entity with operational control. This results in the same facility being reported multiple times.
C S ENERGY LIMITED and OZGEN HOLDINGS AUSTRALIA PTY LTD, have each included the same data for the Callide C Power Station in their NGER reports. For further information refer to the 2017-18 greenhouse and energy information for designated generation facilities."
CALTEX AUSTRALIA LIMITED,40 004 201 307,"673,668","230,539","13,687,126",-
CAPITEQ PTY LIMITED,24 008 137 559,"55,084",256,"786,157",-
CAPRICORN COPPER HOLDINGS PTY LTD,60 608 241 121,"9,713","61,180","416,354",-
CARGILL AUSTRALIA LIMITED,42 004 684 173,"65,245","43,734","1,476,717",-
CARTER HOLT HARVEY BUILDING PRODUCTS PTY LIMITED,88 121 366 041,"13,328","45,875","1,464,977",-
CBH RESOURCES LIMITED,27 009 423 858,"14,048","90,607","602,231",-
CCCI AUSTRALIA PTY LTD,95 603 555 988,"72,626","7,669","1,074,638",-
CCP VI VG HOLDINGS PTY LTD,41 630 151 530,"114,895","28,167","1,748,721",-
CEMENT AUSTRALIA HOLDINGS PTY LTD,99 001 085 561,"2,771,507","221,890","13,262,481",-
CEMENT AUSTRALIA PTY LIMITED,75 104 053 474,"46,163","43,747","891,812",-
CENTENNIAL COAL COMPANY LIMITED,30 003 714 538,"2,024,212","252,060","3,409,346",-
CENTRAL PETROLEUM LIMITED,72 083 254 308,"77,853",124,"1,181,708",-
CENTRAL SEQ DISTRIBUTOR-RETAILER AUTHORITY,86 673 835 011,"43,300","61,946","614,900",-
CEVA PTY LTD,27 122 147 433,"86,845","6,392","1,260,352",-
CHARTER HALL LIMITED,57 113 531 150,"9,156","86,372","449,957",-
CHEMCO PTY LTD,68 008 725 817,"7,758","127,820","915,095",-
CHEVRON AUSTRALIA HOLDINGS PTY LTD,60 098 079 344,"13,095,880","4,357","161,850,360",-
CIMIC GROUP LIMITED,57 004 482 982,"134,974","82,089","2,304,671",-
CITIC PACIFIC MINING MANAGEMENT PTY LTD,64 119 578 371,"1,256,525",187,"23,251,794",-
CITY OF KALGOORLIE-BOULDER,63 711 737 609,"54,129","4,711","83,281",-
CK WILLIAM AUSTRALIA HOLDINGS PTY LTD,14 613 690 243,"1,636,581","424,266","22,813,161",-
CKI UTILITIES DEVELOPMENT LTD & PAI UTILITIES DEVELOPMENT LTD & 3 OTHS,13 332 330 749,"17,238","444,666","3,341,512",-
CLARKE ENERGY (AUSTRALIA) PTY. LTD.,20 086 492 935,"85,980",416,"1,082,733","Please note that where more than one person has operational control over a facility at the same time and no nomination of operational control has been made, data for the facility for the entire period must be reported by the controlling corporation of each entity with operational control. This results in the same facility being reported multiple times.
APT PIPELINES LIMITED and CLARKE ENERGY (AUSTRALIA) PTY. LTD., have each included the same data for the Daandine Power Station in their NGER reports. For further information refer to the 2017-18 greenhouse and energy information for designated generation facilities."
CLEANAWAY WASTE MANAGEMENT LIMITED,74 101 155 220,"784,907","37,026","4,541,322",-
CMOC MINING PTY LIMITED,17 164 997 317,"11,092","210,330","1,086,607",-
COBHAM AVIATION SERVICES AUSTRALIA PTY LTD,34 003 469 574,"96,793","1,472","1,387,806",-
COCA-COLA AMATIL LIMITED,26 004 139 397,"44,222","123,367","1,328,900",-
COLES GROUP LIMITED,11 004 089 936,"282,849","1,333,826","6,725,857",-
COLLINS TRANSPORT GROUP PTY LTD,66 098 659 342,"62,284","4,527","909,097",-
COMFORTDELGRO CORPORATION AUSTRALIA PTY LTD,84 002 072 004,"116,685","3,778","1,670,820",-
COMGEN AUSTRALIA PTY. LTD.,17 050 242 441,"512,594","25,445","1,821,433",-
COMMONWEALTH BANK OF AUSTRALIA,48 123 123 124,"6,966","71,109","417,546",-
COMMONWEALTH SCIENTIFIC AND INDUSTRIAL RESEARCH ORGANISATION,41 687 119 230,"13,042","97,596","672,361",-
COMPETITIVE FOODS AUSTRALIA PTY LTD,48 010 542 908,"16,720","148,377","963,297",-
CONOCOPHILLIPS AUSTRALIA GAS HOLDINGS PTY LTD,69 081 089 170,"4,239,804","1,733","80,474,008",-
CONSOLIDATED MINERALS HOLDINGS (AUSTRALIA) PTY LIMITED,88 127 662 257,"78,822",66,"1,137,581",-
CONTURA MINING PTY LTD,58 008 901 915,"111,854","3,188","1,603,754",-
CO-OPERATIVE BULK HANDLING LIMITED,29 256 604 947,"11,444","49,823","424,354",-
CORONADO AUSTRALIA HOLDINGS PTY LTD,23 623 524 989,"563,919","212,942","5,015,958",-
CRAIG MOSTYN HOLDINGS PTY LIMITED,14 008 398 356,"43,421","22,324","459,691",-
CROWN RESORTS LIMITED,39 125 709 953,"24,502","134,002","983,462",-
CSL LIMITED,99 051 588 348,"17,376","75,812","589,780",-
CSR LIMITED,90 000 001 276,"310,997","202,776","6,238,815",-
D. & R. HENDERSON PTY LTD,22 000 449 392,"14,181","37,254","523,251",-
DACIAN GOLD LTD,61 154 262 978,"100,816",47,"1,646,440",-
DALRYMPLE BAY COAL TERMINAL PTY. LTD.,12 010 268 167,"1,055","89,672","420,399",-
DBNGP (WA) TRANSMISSION PTY LIMITED,69 081 609 190,"249,284","1,140","4,210,282",-
DEAKIN UNIVERSITY,56 721 584 203,"8,528","56,663","354,241",-
DELTA ELECTRICITY PTY LTD,66 620 205 263,"6,844,759","60,872","49,321,851",-
DEXUS HOLDINGS PTY LIMITED,48 110 366 946,"17,624","127,528","689,116",-
DOWNER EDI LIMITED,97 003 872 848,"246,009","82,214","4,320,627",-
DP WORLD AUSTRALIA (HOLDING) PTY LTD,58 147 892 715,"27,778","46,040","586,171",-
DXC TECHNOLOGY AUSTRALIA HOLDINGS PTY LTD,33 120 570 390,389,"89,758","372,570",-
EASTERN METROPOLITAN REGIONAL COUNCIL,89 631 866 056,"121,429",716,"33,203",-
ELECTRANET PTY LIMITED,41 094 482 416,"3,182","173,371","1,226,599",-
ELECTRICITY GENERATION AND RETAIL CORPORATION,58 673 830 106,"5,904,711","10,304","48,438,299",-
ELECTRICITY NETWORKS CORPORATION,18 540 492 861,"33,440","673,509","3,839,698",-
EMERGENT COLD TOPCO PTY LTD,80 622 089 909,"34,584","57,440","738,012",-
EMR CAPITAL GOLDEN GROVE PTY LTD,76 616 179 705,"22,516","96,866","834,980",-
ENERGY QUEENSLAND LIMITED,96 612 535 583,"131,414","1,615,814","8,547,454",-
ENERGYAUSTRALIA HOLDINGS LIMITED,57 101 876 135,"20,086,342","240,649","162,991,273",-
ENSCO AUSTRALIA PTY LIMITED,79 100 601 634,"51,390",115,"734,351",-
EPSILON DISTRIBUTION MINISTERIAL HOLDING CORPORATION,59 253 130 878,"19,050","649,728","2,999,389",-
EPWORTH FOUNDATION,97 420 694 950,"8,392","47,704","323,138",-
EQUINIX AUSTRALIA PTY LIMITED,25 092 807 264,747,"251,100","1,042,013",-
ERM POWER LIMITED,28 122 259 223,"124,652","5,296","1,751,409",-
ESPERANCE POWER STATION PTY LTD,24 086 409 949,"51,930",0,"786,411",-
ESSENTIAL ENERGY,37 428 185 226,"26,921","623,378","3,005,860",-
EVENT HOSPITALITY AND ENTERTAINMENT LTD,51 000 005 103,"12,281","127,170","798,615",-
EVOLUTION MINING LIMITED,74 084 669 036,"155,080","383,449","3,986,903",-
EXXONMOBIL AUSTRALIA PTY LTD,48 091 561 198,"2,890,748","224,632","37,393,462",-
FEDEX EXPRESS AUSTRALIA PTY LTD,51 624 271 487,"37,575","13,173","599,350",-
FITNESS AND LIFESTYLE GROUP TOPCO PTY LTD,50 614 113 192,"4,663","59,299","349,259",-
FITZROY (CQ) PTY LTD,61 103 902 389,"415,792","61,853","565,638",-
FLETCHER BUILDING (AUSTRALIA) PTY LTD,11 093 539 452,"71,111","267,472","3,469,600",-
FMR INVESTMENTS PTY LTD,009 411 349,"49,169","22,550","828,695",-
FOOD INVESTMENTS PTY. LIMITED,85 008 426 177,"85,103","134,002","2,102,003",-
FORESTRY CORPORATION OF NEW SOUTH WALES,43 141 857 613,"82,785","1,183","1,181,198",-
FORTESCUE METALS GROUP LTD,57 002 594 872,"1,699,122","157,220","26,198,696",-
FOXLEIGH MANAGEMENT PTY LTD,27 089 726 492,"225,384","15,656","2,116,387",-
FREQUENCY INFRASTRUCTURE AUSTRALIA HOLDINGS PTY LTD,27 136 262 952,"1,487","68,103","332,164",-
FUJITSU AUSTRALIA LTD,19 001 011 427,926,"135,192","596,307",-
FULTON HOGAN AUSTRALIA PTY LTD,42 135 849 115,"107,160","25,656","1,798,028",-
GASCOYNE RESOURCES LIMITED,57 139 522 900,"74,004",16,"1,197,870",-
GLADSTONE PORTS CORPORATION LIMITED,96 263 788 242,"32,441","61,862","916,467",-
GLENCORE HOLDINGS PTY LIMITED,41 104 160 689,"5,950,621","1,698,837","53,051,991",-
GLOBAL SWITCH AUSTRALIA PTY LIMITED,65 094 338 333,118,"144,108","634,361",-
GOLD FIELDS AUSTRALIA PTY LIMITED,91 098 385 285,"240,012","129,342","4,702,336",-
GOLDFIELDS POWER PTY LTD,81 062 186 243,"99,889",0,"1,362,742",-
GOULBURN VALLEY REGION WATER CORPORATION,84 578 076 056,"40,985","23,470","122,297",-
GPT MANAGEMENT HOLDINGS LIMITED,67 113 510 188,"8,741","103,104","548,453",-
GRAINCORP LIMITED,60 057 186 035,"75,371","90,536","1,696,982",-
GRANGE RESOURCES LIMITED,80 009 132 405,"187,099","35,791","3,676,621",-
GRIFFITH UNIVERSITY,78 106 094 461,"1,033","52,776","254,170",-
GRINDING MEDIA PTY LTD,47 615 611 759,"58,109","148,782","1,682,587",-
GWI HOLDINGS NO.2 PTY LTD,53 132 989 998,"141,739","2,074","2,038,091",-
HANCOCK PROSPECTING PTY LIMITED,69 008 676 417,"547,206","242,461","9,218,939",-
HANSON AUSTRALIA (HOLDINGS) PROPRIETARY LIMITED,48 090 994 657,"352,814","75,289","3,963,659",-
HARVEY NORMAN HOLDINGS LTD,54 003 237 545,"6,110","116,017","600,788",-
HEALTHSCOPE LIMITED,65 144 840 639,"15,768","95,909","724,026",-
HILLGROVE RESOURCES LIMITED,73 004 297 116,"29,170","22,884","690,370",-
HOLCIM PARTICIPATIONS (AUSTRALIA) PTY LTD,46 122 401 405,"181,282","65,970","2,869,308",-
HOLIDAY INNS HOLDINGS (AUSTRALIA) PTY. LIMITED,95 003 621 216,"9,528","49,600","396,608",-
HUME CITY COUNCIL,14 854 354 856,"47,400","17,540","177,750",-
HYDRO-ELECTRIC CORPORATION,48 072 377 158,"225,254","18,969","3,348,216",-
ICON WATER LIMITED,86 069 381 960,"68,058","158,232","933,560",-
ICPF HOLDINGS LIMITED,20 610 989 805,"4,911","54,754","289,142",-
IDEMITSU AUSTRALIA RESOURCES PTY LTD,45 010 236 272,"322,699","88,063","4,171,930",-
ILUKA RESOURCES LIMITED,34 008 675 018,"324,429","46,962","5,182,856",-
INCITEC PIVOT LIMITED,42 004 080 264,"1,711,015","155,095","27,622,460",-
INDEPENDENCE GROUP NL,46 092 786 304,"73,962",130,"1,063,533",-
INGHAMS GROUP LIMITED,39 162 709 506,"55,491","177,756","1,779,796",-
INPEX HOLDINGS AUSTRALIA PTY LTD,61 150 217 315,"6,233,984","4,536","84,760,431",-
INTERNATIONAL POWER (AUSTRALIA) HOLDINGS PTY LIMITED,70 105 041 209,"1,252,413","25,469","13,611,518",-
ISPT PTY LTD,28 064 041 283,"8,136","61,739","334,441",-
IX INFRASTRUCTURE PTY LTD,78 629 750 401,"10,558","155,207","1,005,082",-
J.J. RICHARDS & SONS PTY LTD,40 000 805 425,"85,616","5,894","1,249,742",-
JB HI-FI LIMITED,80 093 220 136,295,"64,108","274,666",-
JELLINBAH GROUP PTY LTD,54 010 754 793,"254,477","7,905","2,187,048",-
KALGOORLIE CONSOLIDATED GOLD MINES PTY LTD,97 009 377 619,"99,978","257,976","2,873,095",-
KARARA MINING LIMITED,68 070 871 831,"94,536","398,599","3,421,367",-
KEOLIS AUSTRALIA PTY LTD,68 132 482 850,"74,078","109,532","1,481,507",-
KESTREL COAL GROUP PTY LTD,70 624 655 518,"373,850","120,345","701,749",-
KILCOY INDUSTRIES AUSTRALIA PTY LTD,16 125 927 308,"38,043","25,792","452,982",-
KIMBERLY-CLARK PACIFIC HOLDINGS PTY LIMITED,59 095 905 294,"110,701","32,214","2,279,580",-
KINETIC TCO PTY LTD,20 601 251 067,"56,623","1,224","813,098",-
KNAUF AUSTRALIA PTY LIMITED,86 003 621 181,"44,798","16,504","930,765",-
LA TROBE UNIVERSITY,64 804 735 113,"14,129","43,713","423,007",-
LACTALIS AUSTRALIA PTY LTD,56 072 928 879,"34,357","97,422","1,069,785",-
LAING O'ROURKE AUSTRALIA PTY LTD,71 111 023 431,"62,277","3,200","917,601",-
LANCO RESOURCES AUSTRALIA PTY LTD,30 147 835 452,"67,460","6,304","919,691",-
LENDLEASE CORPORATION LIMITED,32 000 226 228,"93,142","148,815","2,020,435",-
LIBERTY HOLDINGS AUSTRALIA LTD,16 627 011 938,"270,455","858,523","7,499,688",-
LIBERTY PRIMARY METALS AUSTRALIA PTY LTD,29 631 112 573,"3,824,173","277,308","33,107,741",-
LINDSAY AUSTRALIA LIMITED,81 061 642 733,"111,536","9,194","1,626,237",-
LINFOX PROPRIETARY LIMITED,59 004 667 298,"182,221","35,387","2,753,271",-
LION PTY LTD,50 128 004 268,"72,792","163,716","2,055,498",-
LITTLE COMPANY OF MARY HEALTH CARE LIMITED,11 079 815 697,"101,111","30,748","1,666,570",-
LOCHARD ENERGY (IONA OPERATIONS HOLDING) PTY LTD,23 608 441 041,"64,838","4,289","1,147,778",-
LOY YANG HOLDINGS PTY LTD,60 057 361 805,"444,053",0,"4,913,662",-
LYONDELLBASELL AUSTRALIA (HOLDINGS) PTY LTD,74 066 270 237,3,"70,996","207,114",-
MACH AUSTRALIA HOLDINGS PTY LTD,66 608 494 828,"185,921","2,124","623,350",-
 VCB,12 057 463 671,"130,550","7,316","17,081,090",-
MAINFREIGHT DISTRIBUTION PTY LIMITED,85 003 840 319,"57,335","6,319","842,564",-
MANILDRA MILLING PTY LTD,73 002 724 021,"304,262","287,440","6,464,672",-
MARS WRIGLEY AUSTRALIA HOLDINGS PTY LTD,68 133 509 930,"27,110","72,408","787,987",-
MATER MISERICORDIAE LTD,83 096 708 922,"12,587","42,727","354,746",-
MCCAIN FOODS (AUST) PTY LTD,96 000 629 587,"26,867","64,899","1,163,432",-
MCDONALD'S AUSTRALIA LIMITED,43 008 496 928,347,"86,036","376,174",-
MELBOURNE WATER CORPORATION,81 945 386 953,"204,480","226,973","1,497,911",-
METALS X LIMITED,25 110 150 055,"65,853",65,"1,229,100",-
METCASH LIMITED,32 112 073 480,"14,110","71,132","446,028",-
METRO TRAINS MELBOURNE PTY. LTD.,43 136 429 948,"6,135","499,744","1,777,515",-
MILLENNIUM MINERALS LIMITED,85 003 257 556,"56,392",51,"806,701",-
MINDARIE REGIONAL COUNCIL,17 015 003 687,"62,790",0,"11,739",-
MINERAL RESOURCES LIMITED,33 118 549 910,"218,290","2,371","3,323,734",-
MINJAR GOLD PTY LTD,15 119 514 528,"40,369","57,690","864,185",-
MIRVAC LIMITED,92 003 280 699,"5,988","77,890","452,242",-
MMG MANAGEMENT PTY LTD,33 115 312 680,"27,874","115,569","1,489,876",-
MONASH HEALTH,82 142 080 338,"12,169","67,317","466,345",-
MONASH UNIVERSITY,12 377 614 012,"18,406","115,491","744,868",-
MONDELEZ AUSTRALIA HOLDINGS PTY LIMITED,86 004 880 817,"22,371","49,652","691,079",-
MOUNT GIBSON IRON LIMITED,87 008 670 817,"55,403","1,524","802,392",-
MYER HOLDINGS LIMITED,14 119 085 602,"1,194","126,416","563,716",-
NATIONAL AUSTRALIA BANK LIMITED,12 004 044 937,"13,794","87,832","576,376",-
NBN CO LIMITED,86 136 533 741,"4,932","258,767","1,186,175",-
NCIG HOLDINGS PTY LTD,98 124 700 483,349,"65,909","295,258",-
NESTLE AUSTRALIA LTD,77 000 011 316,"33,776","109,772","1,463,989",-
NEW CENTURY RESOURCES LIMITED,53 142 165 080,"14,943","123,058","766,219",-
NEW ZEALAND MILK (AUSTRALASIA) PTY LTD,23 003 502 654,"120,929","130,429","2,780,111",-
NEWCREST MINING LIMITED,20 005 683 625,"594,591","900,966","14,462,961",-
NEWGEN KWINANA HOLDINGS PTY LTD,68 116 576 955,"793,003",156,"8,539,462",-
NEWMARKET GOLD VICTORIAN HOLDINGS PTY LTD,21 128 442 375,"22,626","121,635","753,104",-
NEWMONT GOLDCORP AUSTRALIA PTY LTD,95 099 040 507,"394,203","714,204","9,532,978",-
NEWS AUSTRALIA HOLDINGS PTY LIMITED,32 105 197 028,"4,728","91,043","476,499",-
NEXTDC LIMITED,35 143 582 521,393,"198,025","793,264",-
NH FOODS AUSTRALIA PTY LTD,87 001 548 401,"45,472","47,367","818,311",-
NINE ENTERTAINMENT CO. HOLDINGS LIMITED,60 122 203 892,"5,613","53,922","323,631",-
NOGA HOLDINGS PTY LIMITED,33 609 551 671,"142,797",0,"1,942,053",-
NORSKE SKOG INDUSTRIES AUSTRALIA LIMITED,50 003 902 985,"236,080","623,226","8,264,320",-
NORTHERN CO-OPERATIVE MEAT COMPANY LTD,42 060 208 366,"40,825","22,511","289,642",-
NORTHERN SEQ DISTRIBUTOR - RETAILER AUTHORITY,89 791 717 472,"16,296","53,244","272,073",-
NORTHERN STAR RESOURCES LTD,43 092 832 892,"198,980","126,151","3,878,722",-
NORTON GOLD FIELDS PTY LTD,23 112 287 797,"54,500","65,458","1,129,144",-
NRG VICTORIA I PTY LTD,26 076 286 578,"7,868,001","49,198","58,743,976",-
NSW ELECTRICITY NETWORKS OPERATIONS PTY LIMITED, 609 169 959,"13,975","1,642,718","7,268,543",-
NSW TRAINS,50 325 560 455,"61,864","165,951","1,611,927",-
NUFARM LIMITED,37 091 323 312,"11,020","43,585","351,257",-
NYRSTAR AUSTRALIA PTY LTD,46 124 535 468,"412,513","286,885","10,051,581",-
OLAM ORCHARDS AUSTRALIA PTY LTD,15 139 442 532,"12,641","92,366","499,175",-
ORICA LIMITED,24 004 145 868,"1,754,798","165,778","18,752,084",-
ORIGIN ENERGY LIMITED,30 000 051 696,"17,955,701","2,288,632","150,739,935",-
ORORA LIMITED,55 004 275 165,"355,130","324,836","7,333,821",-
OSIRIS HOLDINGS PTY LTD,29 168 919 391,"2,154","75,944","352,502",-
OVATO LIMITED,39 050 148 644,"18,964","85,370","701,324",-
OWENS-ILLINOIS HOLDING (AUSTRALIA) PTY LTD,30 002 060 059,"292,934","195,018","5,110,239",-
OZ MINERALS LIMITED,40 005 482 824,"77,271","176,627","2,373,042",-
OZGEN HOLDINGS AUSTRALIA PTY LTD,34 128 655 096,"10,828,784","32,953","76,074,288","Please note that where more than one person has operational control over a facility at the same time and no nomination of operational control has been made, data for the facility for the entire period must be reported by the controlling corporation of each entity with operational control. This results in the same facility being reported multiple times.
C S ENERGY LIMITED and OZGEN HOLDINGS AUSTRALIA PTY LTD, have each included the same data for the Callide C Power Station in their NGER reports. For further information refer to the 2017-18 greenhouse and energy information for designated generation facilities."
PACT GROUP HOLDINGS LTD,55 145 989 644,"17,380","235,534","1,334,270",-
PAPER AUSTRALIA PTY LTD,63 061 583 533,"349,922","298,809","16,217,639",-
PEABODY AUSTRALIA HOLDCO PTY LTD,61 154 820 130,"2,656,851","228,678","10,927,577",-
PECHINEY CONSOLIDATED AUSTRALIA PTY LIMITED,39 076 569 769,"1,185,710","6,888,271","40,823,893",-
PEPSICO FOODS GROUP PTY LTD,71 122 527 137,"27,291","26,838","656,126",-
PERILYA LIMITED,85 009 193 695,"14,772","137,763","844,154",-
PERTH ENERGY PTY LTD,39 087 386 445,"61,160","1,443","835,437",-
PFD FOOD SERVICES PTY LTD,29 006 972 381,"31,652","40,677","609,014",-
PFG TOPCO1 PTY LIMITED,35 604 317 875,"6,198","72,468","397,001",-
PILBARA MINERALS LIMITED,95 112 425 788,"56,942",62,"815,571",-
PIONEER SAIL HOLDINGS PTY LIMITED,45 617 844 569,"10,776,121","11,639","92,417,404",-
PORT WARATAH COAL SERVICES LTD,99 001 363 828,368,"118,451","525,349",-
POWER AND WATER CORPORATION,15 947 352 360,"112,433","104,898","1,517,046",-
POWER GENERATION CORPORATION,72 687 980 755,"973,885",0,"13,326,900",-
PRATT CONSOLIDATED HOLDINGS PTY. LTD.,43 104 958 581,"410,216","891,267","21,423,642",-
PTH NO 1 PTY LTD,43 611 116 155,"33,901","45,408","677,350",-
PTTEP AUSTRALIA PERTH PTY LTD,74 134 686 525,"280,704",373,"3,808,103",-
PUBLIC TRANSPORT AUTHORITY OF WESTERN AUSTRALIA,61 850 109 576,"8,150","147,736","877,654",-
PUMA ENERGY (AUSTRALIA) HOLDINGS PTY LTD,26 147 978 890,"28,155","30,260","585,096",-
QANTAS AIRWAYS LIMITED,16 009 661 901,"4,289,414","120,879","63,565,442",-
QCOAL PTY LTD,99 010 911 234,"472,635","43,446","3,443,710",-
QENOS HOLDINGS PTY LTD,62 086 026 968,"827,708","166,216","33,202,959",-
QGC MIDSTREAM INVESTMENTS PTY LTD,77 130 857 215,"1,786,152",0,"33,135,824",-
QGC UPSTREAM INVESTMENTS PTY LTD,86 131 104 651,"1,202,751","2,481,470","26,113,370",-
QIC LIMITED,95 942 373 762,"14,378","126,420","698,080",-
QS MAPS HOLDINGS NO. 3 PTY LTD,38 163 278 500,"65,998",353,"1,039,440",-
QUBE HOLDINGS LIMITED,14 149 723 053,"310,656","20,949","4,520,672",-
QUEENSLAND ALUMINA LIMITED,98 009 725 044,"3,192,846","580,477","42,128,488",-
QUEENSLAND BULK WATER SUPPLY AUTHORITY,75 450 239 876,"2,376","106,684","513,888",-
QUEENSLAND ELECTRICITY TRANSMISSION CORPORATION LIMITED,82 078 849 233,"16,879","1,134,695","5,138,856",-
QUEENSLAND NITRATES PTY LTD,63 079 889 268,"151,291","45,803","2,874,892",-
QUEENSLAND RAIL,68 598 268 528,"38,238","237,724","1,617,792",-
R.G. WITHERS NOMINEES PTY. LTD.,005 620 860,709,"127,270","524,548",-
RAMELIUS RESOURCES LIMITED,51 001 717 540,"86,460","41,409","1,585,042",-
RAMSAY HEALTH CARE LIMITED,57 001 288 768,"17,964","158,426","1,026,045",-
RATCH - AUSTRALIA CORPORATION PTY LTD,31 106 617 332,"157,814","6,800","2,142,993",-
RCI HOLDINGS PTY LTD,55 101 671 121,"34,797","63,875","878,524",-
REGIONAL EXPRESS HOLDINGS LIMITED,18 099 547 270,"115,746","1,559","1,655,910",-
REGIONAL POWER CORPORATION,57 955 011 697,"45,516","28,587","755,337",-
REGIS RESOURCES LIMITED,28 009 174 761,"230,840",0,"3,339,683",-
REMONDIS AUSTRALIA PTY LTD,95 002 429 781,"240,879","2,679","481,222",-
RESOLUTE MINING LIMITED C/- COMPUTERSHARE INVESTOR SERVICES,39 097 088 689,"15,777","56,578","483,417",-
RESOURCECO HOLDINGS PTY LTD,64 107 343 288,"60,965","3,434","275,110",-
RICEGROWERS LIMITED,55 007 481 156,"9,412","50,609","385,456",-
RIDLEY CORPORATION LIMITED,33 006 708 765,"55,111","62,780","1,295,915",-
RIO TINTO LIMITED,96 004 458 404,"7,550,622","7,841,839","143,725,930",-
RIO TINTO SHIPPING (ASIA) PTE LTD,71 242 047 864,"107,997",0,"1,459,435",-
RITCHIES STORES PROPRIETARY LIMITED,61 005 041 814,"26,529","84,550","325,842",-
RIVALEA HOLDINGS PTY LIMITED,37 097 393 112,"26,032","29,475","398,552",-
ROMALY HOLDINGS PTY LTD,82 001 094 837,"62,684",353,"891,210",-
RON FINEMORE TRANSPORT PTY. LTD.,30 106 495 087,"80,301",396,"1,142,756",-
ROYAL MELBOURNE INSTITUTE OF TECHNOLOGY,49 781 030 034,"18,180","31,878","457,113",-
RTA HOLDCO AUSTRALIA 1 PTY LTD,17 128 762 318,"119,736",0,"1,452,221",-
SANDFIRE RESOURCES NL,55 105 154 185,"89,153",72,"1,359,108",-
SANTOS LIMITED,80 007 550 923,"5,819,284","530,343","72,610,581",-
SARACEN MINERAL HOLDINGS LIMITED,52 009 215 347,"177,909",62,"2,882,439",-
SCENTRE GROUP LIMITED,66 001 671 496,"14,806","262,147","1,249,457",-
SEAROAD HOLDINGS PTY LTD,16 123 749 655,"62,369",959,"879,925",-
SGSP (AUSTRALIA) ASSETS PTY LTD,60 126 327 624,"742,768","351,344","7,994,342",-
SHELL ENERGY HOLDINGS AUSTRALIA LIMITED,69 054 260 776,"2,317,273","1,713","36,421,445",-
SIBELCO ASIA PACIFIC PTY LTD,70 092 916 811,"519,940","197,207","3,978,733",-
SILICON METAL COMPANY OF AUSTRALIA PTY LTD,73 009 401 736,"107,928","419,640","5,118,262",-
SILVER LAKE RESOURCES LIMITED,38 108 779 782,"109,308","21,168","1,788,144",-
SIMPLOT AUSTRALIA (HOLDINGS) PTY LIMITED,23 070 571 934,"70,753","40,651","1,609,179",-
SIMS LIMITED,69 114 838 630,"19,438","31,651","417,900",-
SINGAPORE TELECOM AUSTRALIA INVESTMENTS PTY LIMITED,69 096 686 190,"2,502","407,264","1,776,034",-
SNOWY HYDRO LIMITED,17 090 574 431,"103,078","297,819","2,718,046",-
SOJITZ COAL RESOURCES PTY LIMITED,34 063 050 680,"81,484",791,"1,234,180",-
SOLSTADFARSTAD PTY LTD,40 105 011 989,"81,097",26,"1,151,573",-
SONIC HEALTHCARE LIMITED,24 004 196 909,"8,380","58,276","388,645",-
SOUTH AUSTRALIAN WATER CORPORATION,69 336 525 019,"92,663","249,214","2,687,012",-
SOUTH METROPOLITAN HEALTH SERVICE,92 264 056 442,"9,734","42,782","431,119",-
SOUTH32 LIMITED,84 093 732 597,"6,566,494","495,233","61,324,847",-
ST BARBARA LIMITED,36 009 165 066,"67,606","1,174","1,207,198",-
ST JOHN OF GOD HEALTH CARE INC,21 930 207 958,"13,502","62,305","530,278",-
ST VINCENT'S HEALTH AUSTRALIA LTD,75 073 503 536,"11,420","92,261","592,247",-
STANMORE COAL LIMITED,27 131 920 968,"109,886","27,772","891,545",-
STANWELL CORPORATION LIMITED,37 078 848 674,"18,090,506","55,309","133,767,941",-
STATE TRANSIT AUTHORITY OF NSW,51 750 635 629,"112,221","4,680","1,742,014",-
STOCKLAND CORPORATION LTD,43 000 181 733,"24,225","70,921","701,726",-
SUEZ AUSTRALIA HOLDING PTY LTD,30 070 452 890,"696,300","161,106","2,512,289",-
SUN METALS HOLDINGS LIMITED,30 051 538 580,"5,710","535,756","3,226,667",-
SUNWATER LIMITED,17 020 276 523,"4,257","172,471","836,237",-
SUPER RETAIL GROUP LIMITED,81 108 676 204,814,"71,081","322,980",-
SVITZER AUSTRALASIA SERVICES PTY LIMITED,18 120 555 375,"61,012","2,473","876,234",-
SYDNEY AIRPORT LIMITED,18 165 056 360,"5,755","77,865","443,782",-
SYDNEY TRAINS,38 284 779 682,"10,633","535,116","2,489,393",-
SYDNEY WATER CORPORATION,49 776 225 038,"52,963","306,042","2,406,557",-
TASMANIAN NETWORKS PTY LTD,24 167 357 299,"7,346","92,225","1,807,435",-
TECHNICAL AND FURTHER EDUCATION COMMISSION,89 755 348 137,"6,357","69,577","418,494",-
TEEKAY HOLDINGS AUSTRALIA PTY LTD,12 125 391 880,"72,654",157,"996,520",-
TELSTRA CORPORATION LIMITED,33 051 775 556,"46,655","1,190,183","5,821,710",-
TERRACOM LIMITED,35 143 533 537,"77,290","17,693","431,915",-
TEYS AUSTRALIA PTY LTD,38 009 872 600,"111,341","108,419","1,587,067",-
THALES AUSTRALIA HOLDINGS PTY LTD,84 058 583 841,"39,090","46,325","516,400",-
THE STAR ENTERTAINMENT GROUP LIMITED,85 149 629 023,"11,544","95,875","645,233",-
THE TRUSTEE FOR COSTA'S UNIT TRUST,72 534 822 931,"55,102","87,273","1,048,843",-
THE TRUSTEE FOR THE MADDINGLEY MINE TRUST,63 604 564 597,"95,198",312,"525,081",-
THE UNITING CHURCH IN AUSTRALIA PROPERTY TRUST (NSW),77 005 284 605,"5,784","47,853","305,027",-
THE UNITING CHURCH IN AUSTRALIA PROPERTY TRUST (Q.),25 548 385 225,"12,468","75,965","535,063",-
THE UNIVERSITY OF QUEENSLAND,63 942 912 684,"1,693","109,493","550,063",-
TOGA PTY. LTD.,27 000 926 947,"6,791","50,324","353,372",-
TOLL HOLDINGS LIMITED,25 006 592 089,"512,938","60,839","7,490,048",-
TRANSALTA ENERGY (AUSTRALIA) PTY LTD,40 062 135 844,"937,068",70,"12,358,486",-
TRANSDEV AUSTRALASIA PTY LTD,40 079 303 816,"125,825","8,305","1,889,038",-
TRANSIT SYSTEMS PTY LTD,34 135 200 609,"161,499","4,530","2,559,187",-
TRANSURBAN HOLDINGS LIMITED,86 098 143 429,"2,329","117,629","529,214",-
TRILITY GROUP PTY LTD,39 144 522 565,"15,078","69,476","563,808",-
TRONOX AUSTRALIND PTY LTD,20 125 123 784,"123,331","40,474","2,490,330",-
TRONOX MANAGEMENT PTY LTD,59 009 343 364,"573,337","105,741","10,348,439",-
TRONOX MINERAL HOLDINGS AUSTRALIA PTY LTD,21 102 888 559,"83,775","64,829","1,491,726",-
TT-LINE COMPANY PTY. LTD.,39 061 996 174,"165,387",885,"2,234,863",-
TWENTIETH SUPER PACE NOMINEES PTY. LTD.,16 005 855 327,"126,259","6,097","1,821,808",-
UNIVERSITY OF MELBOURNE,84 002 705 224,"16,449","130,977","768,705",-
UNIVERSITY OF NEW SOUTH WALES,57 195 873 179,"7,712","76,483","487,471",-
UNIVERSITY OF SYDNEY,15 211 513 464,"7,440","95,553","562,611",-
USG BORAL BUILDING PRODUCTS PTY LIMITED,84 004 231 976,"83,583","44,143","1,824,078",-
V/LINE CORPORATION,91 273 289 190,"129,126","16,721","1,889,040",-
VENTIA SERVICES GROUP PTY LIMITED,53 603 253 541,"69,909","5,716","1,046,513",-
VENTURA MOTORS PROPRIETARY LIMITED,67 004 235 518,"53,206","2,252","769,310",-
VEOLIA WATER AUSTRALIA PTY LTD,99 061 161 279,"62,905","153,648","1,532,060",-
VERMILION OIL & GAS AUSTRALIA PTY LTD,29 113 023 591,"70,529",129,"814,487",-
VICINITY LIMITED,90 114 757 783,"4,845","170,052","785,845",-
VICTORIA POWER NETWORKS PTY LTD,37 116 940 820,"28,956","1,164,849","4,278,492",-
VILLAGE ROADSHOW LIMITED,43 010 672 054,"4,157","55,316","299,614",-
VIRGIN AUSTRALIA HOLDINGS LIMITED,54 100 686 226,"2,597,936","4,881","37,029,198",-
VIVA ENERGY AUSTRALIA GROUP PTY LTD,60 004 400 220,"1,113,911","317,082","13,514,739",-
VODAFONE HUTCHISON AUSTRALIA PTY LIMITED,76 096 304 620,39,"173,063","759,696",-
WA COUNTRY HEALTH SERVICE,28 680 145 816,"8,074","46,550","368,894",-
WAGGA WAGGA CITY COUNCIL,56 044 159 537,"65,381",32,"5,485",-
WASHINGTON H. SOUL PATTINSON AND COMPANY LIMITED,49 000 002 728,"641,225","95,583","5,110,050",-
WASTE ASSETS MANAGEMENT CORPORATION,56 784 733 957,"244,531","1,426","8,851",-
WATER CORPORATION,28 003 434 917,"73,951","505,459","3,062,488",-
WATER NSW,21 147 934 787,"2,030","63,770","308,908",-
WESFARMERS LIMITED,28 008 984 049,"877,870","668,423","18,163,790",-
WESTERN AREAS LIMITED,68 091 049 357,"20,370","45,735","534,358",-
WESTGOLD RESOURCES LIMITED,60 009 260 306,"161,368","16,213","2,412,646",-
WESTPAC BANKING CORPORATION,33 007 457 141,"6,551","107,450","554,103",-
WHITEHAVEN COAL LIMITED,68 124 425 396,"1,515,432","105,575","6,133,746",-
WILMAR AUSTRALIA HOLDINGS PTY LIMITED,79 144 972 743,"160,392","50,026","44,181,723",-
WILMAR GF HOLDINGS AUSTRALIA PTY LTD,55 600 457 430,"18,606","39,429","515,423",-
WINDFIELD HOLDINGS PTY LTD,60 160 456 164,"36,844","42,187","750,438",-
WOLLONGONG COAL LIMITED,28 111 244 896,"94,182","20,126","104,433",-
WOODSIDE PETROLEUM LTD.,55 004 898 962,"9,218,208","9,602","143,230,969",-
WOOLWORTHS GROUP LIMITED,88 000 014 675,"491,994","2,056,567","9,535,389",-
YANCOAL AUSTRALIA LIMITED,82 111 859 119,"2,190,524","480,358","16,384,677",-
YARA AUSTRALIA PTY LTD,77 076 301 221,"1,015,565","9,558","20,416,670",-
